{
  "train_loss": [
    {
      "iteration": 1,
      "loss": 31.943378448486328,
      "samples_per_sec": 3.503014700278638
    },
    {
      "iteration": 5,
      "loss": 28.973636150360107,
      "samples_per_sec": 7.985155996964376
    },
    {
      "iteration": 10,
      "loss": 28.55129470825195,
      "samples_per_sec": 2.039214227714834
    }
  ],
  "val_score": [
    {
      "iteration": 5,
      "score": 0.0
    },
    {
      "iteration": 10,
      "score": 0.0
    }
  ],
  "best_val_score": 0.0,
  "iterations_completed": 10,
  "device": "cuda:0",
  "artifact_uri": "shared://artifacts/text/v1",
  "visual_feature_size": 4096,
  "word_embed_size": 50,
  "last_cumulative_loss": 28.55129470825195,
  "last_cumulative_samples": 40
}